"chr1"	1	33449387
"chr1"	1	39413244
"chr1"	1	69515202
"chr1"	1	121499999
"chr1"	1	121499999
"chr1"	10001	6761701
"chr1"	10001	6961274
"chr1"	10001	14008871
"chr1"	10001	16871420
"chr1"	10001	31185511
"chr1"	10001	31678290
"chr1"	10001	33935859
"chr1"	10001	47403614
"chr1"	10001	52721293
"chr1"	10001	83471910
"chr1"	10001	117336132
"chr1"	10001	121499999
"chr1"	10001	121499999
"chr1"	10001	121499999
"chr1"	10001	121499999
"chr1"	10001	121499999
"chr1"	17500	121499999
"chr1"	56401	63587277
"chr1"	232500	17087499
"chr1"	790009	16865202
"chr1"	790009	60329244
"chr1"	790009	100858883
"chr1"	807501	71995479
"chr1"	810164	38032780
"chr1"	814601	78375763
"chr1"	840009	48933619
"chr1"	840009	57630526
"chr1"	859073	55005768
"chr1"	859073	55005768
"chr1"	1056310	27904226
"chr1"	1626001	3352499
"chr1"	1626001	3352499
"chr1"	2805978	12770496
"chr1"	4875889	60189941
"chr1"	7968512	49217028
"chr1"	9000832	121499999
"chr1"	10179159	33214562
"chr1"	10563131	113708497
"chr1"	10568003	121499999
"chr1"	12789977	71987310
"chr1"	12867501	16927500
"chr1"	12877501	121499999
"chr1"	12897501	39952520
"chr1"	12932337	72461353
"chr1"	12937655	23680004
"chr1"	13048530	27653969
"chr1"	13182500	32525311
"chr1"	13204811	38086046
"chr1"	14830002	29477697
"chr1"	15848179	16257448
"chr1"	16121449	51696588
"chr1"	16870421	65020367
"chr1"	16976783	118254278
"chr1"	17226628	121499999
"chr1"	17233683	121499999
"chr1"	17270683	31190066
"chr1"	17315658	31626416
"chr1"	18943855	33877237
"chr1"	19391719	30212499
"chr1"	19635936	31269335
"chr1"	21881905	27737063
"chr1"	23595002	73940306
"chr1"	23857874	27284497
"chr1"	23857874	27284497
"chr1"	24050775	31955765
"chr1"	24571094	59275164
"chr1"	25611402	27555007
"chr1"	25611402	43099956
"chr1"	25611601	27977499
"chr1"	25612201	38569711
"chr1"	25615201	120932345
"chr1"	25934307	55178984
"chr1"	25946728	28282253
"chr1"	26878767	27596412
"chr1"	27005581	27510068
"chr1"	27033526	27293480
"chr1"	27080123	27103433
"chr1"	31540280	45278326
"chr1"	32269947	121499999
"chr1"	37056225	84440468
"chr1"	43593974	120678704
"chr1"	62089966	121499999
"chr1"	72761601	119637922
"chr1"	92086092	121323930
"chr1"	92086092	121323930
"chr1"	98606801	121356002
"chr1"	102292501	117252886
"chr1"	107297401	120122499
"chr1"	108962801	116859511
"chr1"	112983344	115873046
"chr1"	113712374	116724457
"chr1"	119863283	120725800
"chr1"	120108681	120626039
"chr1"	120210018	120532002
"chr1"	120210018	120532002
"chr1"	120210018	120532002
"chr1"	120478389	121499999
"chr1"	120478389	121499999
"chr1"	128900000	167897919
"chr1"	128900000	174118342
"chr1"	128900000	247247500
"chr1"	142535602	196756600
"chr1"	143156939	226391645
"chr1"	143287939	171315287
"chr1"	143287939	171315287
"chr1"	143287939	171315287
"chr1"	143536939	164642107
"chr1"	149035743	206288602
"chr1"	149035743	206288602
"chr1"	149816037	211227509
"chr1"	149821021	152243606
"chr1"	149821021	152243606
"chr1"	149821021	152243606
"chr1"	149856802	157162613
"chr1"	150097413	170310979
"chr1"	150137953	152989559
"chr1"	150137953	152989559
"chr1"	150137953	152989559
"chr1"	150137953	152989559
"chr1"	150137953	152989559
"chr1"	150137953	152989559
"chr1"	150174110	198422955
"chr1"	174736445	247247500
"chr1"	177113313	247545890
"chr1"	195117720	203186124
"chr1"	195909581	220753825
"chr1"	196893005	205865006
"chr10"	95096	37999999
"chr10"	95353	37999999
"chr10"	95353	37999999
"chr10"	102588	37999999
"chr10"	106126	37999999
"chr10"	130013	37999999
"chr10"	147501	37999999
"chr10"	777500	9050253
"chr10"	4171449	8392511
"chr10"	42300000	89669925
"chr10"	42300000	89709145
"chr10"	42300000	94644842
"chr10"	42300000	103681069
"chr10"	42300000	130625010
"chr10"	42300000	134125105
"chr10"	42300000	135389924
"chr10"	42300000	135389924
"chr10"	42300000	135389924
"chr10"	42300000	135389924
"chr10"	42300000	135389924
"chr10"	42300000	135389924
"chr10"	42300000	135405836
"chr10"	42387500	135389304
"chr10"	42397373	135389924
"chr10"	42410000	135400415
"chr10"	42473401	135235890
"chr10"	42603161	135389924
"chr10"	42605064	135389924
"chr10"	46989187	135534746
"chr10"	47097501	135410853
"chr10"	47632500	135389924
"chr10"	47632500	135389924
"chr10"	47703033	134590338
"chr10"	52651412	135534746
"chr10"	52651412	135534746
"chr10"	60653075	135418887
"chr10"	60827330	129199369
"chr10"	62882264	135389924
"chr10"	63826110	135389924
"chr10"	70158750	90051161
"chr10"	70798609	135389924
"chr10"	76709924	107890674
"chr10"	76864006	119810796
"chr10"	79588477	93886055
"chr10"	80877500	118860958
"chr10"	80877500	118860958
"chr10"	81175766	135403411
"chr10"	81455492	135389924
"chr10"	82315913	104588988
"chr10"	83058229	105132826
"chr10"	84056017	135389924
"chr10"	84380681	89733901
"chr10"	85774702	108061814
"chr10"	85849052	112354158
"chr10"	85981994	90653335
"chr10"	87499912	107200385
"chr10"	87499912	107200385
"chr10"	87669174	89735133
"chr10"	88250379	129490002
"chr10"	88768423	90378013
"chr10"	89117492	90347174
"chr10"	89267098	90146836
"chr10"	89445454	89853334
"chr10"	89553412	89693628
"chr10"	89553923	108980944
"chr10"	89553923	108980944
"chr10"	89600002	90520171
"chr10"	89612045	91003974
"chr10"	89665314	89890233
"chr10"	89679357	89978890
"chr10"	89747753	96589986
"chr11"	190010	51599999
"chr11"	190010	51599999
"chr11"	190010	51599999
"chr11"	196944	51599999
"chr11"	197337	21559950
"chr11"	197906	11432499
"chr11"	5810017	13468014
"chr11"	24798911	38908394
"chr11"	31742575	32993142
"chr11"	47947417	48749936
"chr11"	55700000	64914546
"chr11"	55700000	67484781
"chr11"	55700000	81885706
"chr11"	55700000	89832436
"chr11"	55700000	106468701
"chr11"	55700000	134442500
"chr11"	55700000	134442500
"chr11"	55700000	134442500
"chr11"	55700000	134442500
"chr11"	55700000	134442500
"chr11"	55700000	134442500
"chr11"	55700000	134442500
"chr11"	55700000	134442500
"chr11"	55700000	134442500
"chr11"	55700000	134442500
"chr11"	55700000	134442500
"chr11"	55700000	134442500
"chr11"	55700000	134442500
"chr11"	55700000	134442500
"chr11"	55700000	134442500
"chr11"	55700000	134442500
"chr11"	55700000	134442500
"chr11"	55700000	134442500
"chr11"	55700000	134442500
"chr11"	55700000	134442500
"chr11"	55700000	134442500
"chr11"	55700000	134442500
"chr11"	55700000	134442500
"chr11"	55700000	134442500
"chr11"	55700000	134442500
"chr11"	55700000	134945666
"chr11"	55700000	135006515
"chr11"	55700000	135006515
"chr11"	57012500	134442500
"chr11"	57012500	134442500
"chr11"	57012500	134442500
"chr11"	57012500	134442500
"chr11"	57070868	134442500
"chr11"	61606666	65443015
"chr11"	62593340	66251573
"chr11"	63966980	134442500
"chr11"	64130082	134402200
"chr11"	64239983	134442500
"chr11"	64544773	65286245
"chr11"	65202400	103825222
"chr11"	68374681	134442500
"chr11"	72654142	124929248
"chr11"	78240937	116776676
"chr11"	79577725	116065778
"chr11"	80586338	134452200
"chr11"	88071119	123483674
"chr11"	89832437	134442500
"chr11"	90058239	134452200
"chr11"	91612280	134452200
"chr11"	94959828	115972585
"chr11"	99134363	111094228
"chr11"	102923841	115178394
"chr11"	106489591	115109090
"chr11"	107495478	134452200
"chr12"	110107	31457802
"chr12"	110107	33299999
"chr12"	110107	33299999
"chr12"	110107	33299999
"chr12"	110107	33299999
"chr12"	110107	33299999
"chr12"	110107	33299999
"chr12"	110107	33299999
"chr12"	110107	33299999
"chr12"	110107	33299999
"chr12"	110107	33299999
"chr12"	110107	33299999
"chr12"	110107	33299999
"chr12"	110107	33299999
"chr12"	110107	33299999
"chr12"	110107	33299999
"chr12"	110107	33299999
"chr12"	110107	33299999
"chr12"	110107	33299999
"chr12"	110107	33299999
"chr12"	110107	33299999
"chr12"	110107	33299999
"chr12"	110107	33299999
"chr12"	110107	33299999
"chr12"	110107	33299999
"chr12"	110107	33299999
"chr12"	110107	33299999
"chr12"	110107	33299999
"chr12"	160107	28578060
"chr12"	160107	33299999
"chr12"	180023	28391570
"chr12"	185501	33299999
"chr12"	188285	33299999
"chr12"	188285	33299999
"chr12"	188285	33299999
"chr12"	188285	33299999
"chr12"	188285	33299999
"chr12"	189093	33299999
"chr12"	190097	33299999
"chr12"	190907	33299999
"chr12"	190980	33299999
"chr12"	191525	29716764
"chr12"	192220	33299999
"chr12"	193311	27575065
"chr12"	193311	31417499
"chr12"	193311	33299999
"chr12"	193311	33299999
"chr12"	193311	33299999
"chr12"	194307	33299999
"chr12"	196575	33299999
"chr12"	196614	33299999
"chr12"	202094	33299999
"chr12"	202094	33299999
"chr12"	204381	33299999
"chr12"	207231	16299962
"chr12"	208784	33299999
"chr12"	209354	33299999
"chr12"	225384	33299999
"chr12"	226019	33299999
"chr12"	227182	33299999
"chr12"	315800	29754428
"chr12"	525580	31143642
"chr12"	1317400	28154957
"chr12"	3196235	33299999
"chr12"	4334365	33299999
"chr12"	4673117	33299999
"chr12"	5707620	33299999
"chr12"	6030048	33299999
"chr12"	6668487	30819442
"chr12"	8535728	33299999
"chr12"	9682201	29748914
"chr12"	9683002	25932286
"chr12"	9683002	33299999
"chr12"	10747437	33299999
"chr12"	11842904	33299999
"chr12"	12182621	32744377
"chr12"	12779174	13155275
"chr12"	12874515	26761050
"chr12"	12976202	31003459
"chr12"	14093086	31265001
"chr12"	15370675	33299999
"chr12"	15988103	31369401
"chr12"	16670495	33299999
"chr12"	17098106	33299999
"chr12"	18454384	30370000
"chr12"	18485264	33299999
"chr12"	19995108	27926657
"chr12"	20414492	26251579
"chr12"	20495738	28690525
"chr12"	20982216	33299999
"chr12"	21500542	33299999
"chr12"	22350695	33299999
"chr12"	22546878	33299999
"chr12"	22727527	33299999
"chr12"	22819290	33299999
"chr12"	23120026	30364429
"chr12"	23349928	33299999
"chr12"	23431723	27415046
"chr12"	23465055	29582832
"chr12"	23818461	25401772
"chr12"	23822500	33299999
"chr12"	24041284	33299999
"chr12"	24189853	33299999
"chr12"	24257500	33299999
"chr12"	24326183	33299999
"chr12"	24437088	25491842
"chr12"	24507128	33299999
"chr12"	24662580	25502854
"chr12"	24697123	33299999
"chr12"	24734263	25473506
"chr12"	24840869	25576867
"chr12"	24919996	25424629
"chr12"	24991926	26229372
"chr12"	25014211	26030854
"chr12"	25111840	27187977
"chr12"	25130148	25660793
"chr12"	25175183	25446937
"chr12"	25191042	33299999
"chr12"	25218198	33299999
"chr12"	25302669	25494691
"chr12"	25373982	25577115
"chr12"	38200000	48059556
"chr12"	38200000	48059556
"chr12"	38200000	50807471
"chr12"	38200000	52625047
"chr12"	38200000	66451370
"chr12"	38200000	66451370
"chr12"	38200000	86700000
"chr12"	38200000	87325268
"chr12"	38200000	132342500
"chr12"	38200000	132342500
"chr12"	38200000	132342500
"chr12"	38200000	132342500
"chr12"	38200000	132342500
"chr12"	38200000	132342500
"chr12"	38200000	132349400
"chr12"	38200000	132349400
"chr12"	38200000	132349400
"chr12"	38200000	132349400
"chr12"	38200000	132349400
"chr12"	38200000	132349400
"chr12"	38200000	132349400
"chr12"	38200000	132349400
"chr12"	38200000	132349400
"chr12"	38200000	132349400
"chr12"	38200000	132349400
"chr12"	38200000	132349400
"chr12"	38200000	132349400
"chr12"	38200000	132349400
"chr12"	38200000	132349400
"chr12"	38200000	132356666
"chr12"	38200000	133851894
"chr12"	38425012	132349400
"chr12"	38547316	66698783
"chr12"	39760393	132342500
"chr12"	40062710	75081026
"chr12"	40062710	75081026
"chr12"	40829786	132349400
"chr12"	41148416	60000566
"chr12"	41148416	60000566
"chr12"	41537973	47152842
"chr12"	41537973	47152842
"chr12"	41541900	46769982
"chr12"	44210017	132342500
"chr12"	45162014	62360194
"chr12"	46232499	46323426
"chr12"	46240862	54143776
"chr12"	46335643	55645506
"chr12"	47451626	132349400
"chr12"	47451626	132349400
"chr12"	47993104	56223399
"chr12"	48061823	52954715
"chr12"	48061823	52954715
"chr12"	48125163	52840956
"chr12"	49420800	132342500
"chr12"	49420800	132342500
"chr12"	57498772	57563668
"chr12"	57498772	57563668
"chr12"	87433035	132349400
"chr12"	87779313	103734274
"chr12"	90050267	132349400
"chr12"	90362364	95295097
"chr12"	90362364	95295097
"chr12"	102002337	133851894
"chr12"	102002337	133851894
"chr12"	102002337	133851894
"chr12"	109353112	132349400
"chr13"	19500000	46708354
"chr13"	19500000	49164399
"chr13"	19500000	62646240
"chr13"	19500000	64992460
"chr13"	19500000	69246786
"chr13"	19500000	82242059
"chr13"	19500000	114142800
"chr13"	19500000	114142800
"chr13"	19500000	114142800
"chr13"	19500000	114142800
"chr13"	19891347	73045801
"chr13"	20317203	84108401
"chr13"	23852501	114142800
"chr13"	25050395	72268110
"chr13"	25089584	52021878
"chr13"	25582858	55770421
"chr13"	27625592	52940817
"chr13"	27635466	50551727
"chr13"	30008199	34635731
"chr13"	31774060	49659990
"chr13"	33573321	103663523
"chr13"	34063756	113188577
"chr13"	35715799	90770002
"chr13"	37229237	82079803
"chr13"	38591739	76193975
"chr13"	39675600	41815282
"chr13"	41680061	66475294
"chr13"	41794293	63617271
"chr13"	42137927	49306884
"chr13"	46773107	49196089
"chr13"	47194342	49689920
"chr13"	48858949	50713401
"chr13"	48937597	94066001
"chr13"	48946713	49062499
"chr13"	71527332	80863355
"chr13"	96297358	114142800
"chr14"	19100000	42406588
"chr14"	19100000	42832808
"chr14"	19100000	64097091
"chr14"	19100000	75928965
"chr14"	20378592	22594402
"chr14"	20577201	22109856
"chr14"	31110846	48602627
"chr14"	35425757	38768576
"chr14"	36823876	38115783
"chr14"	37573464	39728251
"chr14"	38032573	38098137
"chr14"	50831178	52988722
"chr14"	68991181	69473709
"chr14"	74000946	106550913
"chr14"	77803615	106368400
"chr14"	89747500	106368400
"chr14"	101335546	105424232
"chr15"	20700000	66895146
"chr15"	20700000	66895146
"chr15"	20700000	66895146
"chr15"	20700000	66895146
"chr15"	20700000	100332500
"chr15"	20700000	100332500
"chr15"	24490048	100338800
"chr15"	24672202	49937141
"chr15"	24672602	100338800
"chr15"	29904028	64386919
"chr15"	32285990	72351113
"chr15"	33894564	53323879
"chr15"	41075520	45072386
"chr15"	42211486	100332500
"chr15"	42211486	100332500
"chr15"	46138104	100338800
"chr16"	34837	22387500
"chr16"	83802	10515996
"chr16"	83802	34599999
"chr16"	83807	8741116
"chr16"	84170	32542600
"chr16"	84170	34599999
"chr16"	84170	34599999
"chr16"	84170	34599999
"chr16"	88529	33860251
"chr16"	88529	33860251
"chr16"	89279	32492440
"chr16"	90538	4368875
"chr16"	94535	32039205
"chr16"	97109	33871627
"chr16"	100010	1716010
"chr16"	100010	5576784
"chr16"	100010	10997499
"chr16"	100010	11779953
"chr16"	100010	16782057
"chr16"	100010	19604544
"chr16"	100010	21454990
"chr16"	100010	21542500
"chr16"	100010	27387499
"chr16"	100010	31260492
"chr16"	100010	31959969
"chr16"	100010	32337720
"chr16"	100010	32351262
"chr16"	100010	33372500
"chr16"	100010	33380801
"chr16"	100010	33380801
"chr16"	100010	34599999
"chr16"	100010	34599999
"chr16"	100147	395023
"chr16"	117500	16539801
"chr16"	126444	2126906
"chr16"	145652	22572500
"chr16"	382618	32542600
"chr16"	445900	34599999
"chr16"	3737503	3941658
"chr16"	3815901	5039521
"chr16"	6225579	34599999
"chr16"	7926846	31047086
"chr16"	13654596	34599999
"chr16"	19531672	26349155
"chr16"	20564999	31149534
"chr16"	22148668	23651619
"chr16"	38600000	78442655
"chr16"	38600000	88827200
"chr16"	38600000	88827200
"chr16"	38600000	88827200
"chr16"	38600000	90354752
"chr16"	46387501	88822500
"chr16"	46387501	88827200
"chr16"	46387501	88827200
"chr16"	46415803	88995691
"chr16"	46442500	88827200
"chr16"	46447500	55783762
"chr16"	46447500	66855512
"chr16"	46447500	69525991
"chr16"	46447500	82665412
"chr16"	46447500	88822500
"chr16"	46447500	88822500
"chr16"	46447500	88827200
"chr16"	46447500	88827200
"chr16"	46447500	88827200
"chr16"	46447500	88827200
"chr16"	46452500	88822500
"chr16"	46457500	72782813
"chr16"	46467002	88822500
"chr16"	46467002	88822500
"chr16"	46467002	88822500
"chr16"	46480001	88827200
"chr16"	47116318	88827200
"chr16"	47453314	59845016
"chr16"	48449194	78670891
"chr16"	50144842	50859463
"chr16"	52995227	88827200
"chr16"	68212501	72671220
"chr16"	78632973	88827200
"chr16"	79071326	88827200
"chr16"	88827201	90354752
"chr17"	7	8192457
"chr17"	7	8489671
"chr17"	7	8652499
"chr17"	7	9363413
"chr17"	7	9506391
"chr17"	7	9526270
"chr17"	7	10512474
"chr17"	7	11097090
"chr17"	7	11200697
"chr17"	7	11260045
"chr17"	7	11892733
"chr17"	7	11986454
"chr17"	7	12038747
"chr17"	7	12981851
"chr17"	7	13060046
"chr17"	7	13127152
"chr17"	7	13459085
"chr17"	7	13580008
"chr17"	7	14689532
"chr17"	7	15040391
"chr17"	7	15062500
"chr17"	7	15131533
"chr17"	7	15215659
"chr17"	7	15859719
"chr17"	7	15859719
"chr17"	7	15993696
"chr17"	7	16333695
"chr17"	7	16384791
"chr17"	7	16655367
"chr17"	7	16657499
"chr17"	7	16662499
"chr17"	7	16707809
"chr17"	7	16731402
"chr17"	7	17577442
"chr17"	7	18213212
"chr17"	7	18287499
"chr17"	7	18294381
"chr17"	7	18295935
"chr17"	7	18319170
"chr17"	7	18319170
"chr17"	7	18320431
"chr17"	7	18342601
"chr17"	7	18348150
"chr17"	7	18412247
"chr17"	7	18974171
"chr17"	7	21068039
"chr17"	7	21532189
"chr17"	7	21539973
"chr17"	7	21852500
"chr17"	7	21871767
"chr17"	7	22185811
"chr17"	7	22199204
"chr17"	7	22199999
"chr17"	7	22199999
"chr17"	7	22199999
"chr17"	7	22199999
"chr17"	7	22199999
"chr17"	7	22199999
"chr17"	7	22199999
"chr17"	7	22199999
"chr17"	7	22199999
"chr17"	7	22199999
"chr17"	7	22199999
"chr17"	7	22199999
"chr17"	7	22199999
"chr17"	7	22199999
"chr17"	7	22199999
"chr17"	7	22199999
"chr17"	7	22199999
"chr17"	7	22199999
"chr17"	7	22199999
"chr17"	7	22199999
"chr17"	7	22199999
"chr17"	7	22199999
"chr17"	7	22199999
"chr17"	7	22199999
"chr17"	7	22199999
"chr17"	7	22199999
"chr17"	7	22199999
"chr17"	78	22199999
"chr17"	828	9525733
"chr17"	828	10285221
"chr17"	828	11247747
"chr17"	828	11906183
"chr17"	828	13805274
"chr17"	828	14912944
"chr17"	828	15160175
"chr17"	828	16662499
"chr17"	828	16708556
"chr17"	828	16716955
"chr17"	828	16810001
"chr17"	828	18351564
"chr17"	828	21333092
"chr17"	828	21539973
"chr17"	828	22199999
"chr17"	828	22199999
"chr17"	828	22199999
"chr17"	828	22199999
"chr17"	828	22199999
"chr17"	828	22199999
"chr17"	828	22199999
"chr17"	828	22199999
"chr17"	834	18339601
"chr17"	834	22199999
"chr17"	834	22199999
"chr17"	1389	11982499
"chr17"	1389	16712499
"chr17"	1389	16818201
"chr17"	1389	18320431
"chr17"	1389	18320431
"chr17"	1389	18323202
"chr17"	1389	18323202
"chr17"	1389	22199999
"chr17"	1389	22199999
"chr17"	1389	22199999
"chr17"	1389	22199999
"chr17"	1389	22199999
"chr17"	1389	22199999
"chr17"	1389	22199999
"chr17"	1397	22199999
"chr17"	1665	7593323
"chr17"	1665	9413824
"chr17"	1665	11302520
"chr17"	1665	12865820
"chr17"	1665	15840007
"chr17"	1665	16602500
"chr17"	1665	16694063
"chr17"	1665	16708556
"chr17"	1665	18317723
"chr17"	1665	18323273
"chr17"	1665	20522643
"chr17"	1665	21311653
"chr17"	1665	21778174
"chr17"	1665	22199999
"chr17"	1665	22199999
"chr17"	1665	22199999
"chr17"	1665	22199999
"chr17"	1867	22199999
"chr17"	1869	8906261
"chr17"	1869	9412958
"chr17"	1869	9412958
"chr17"	1869	9412958
"chr17"	1869	9412958
"chr17"	1869	12247283
"chr17"	1869	16701559
"chr17"	1869	16822200
"chr17"	1869	18330201
"chr17"	1869	19605800
"chr17"	1869	22199999
"chr17"	1869	22199999
"chr17"	1869	22199999
"chr17"	1869	22199999
"chr17"	1869	22199999
"chr17"	1880	8020007
"chr17"	1880	12729456
"chr17"	1880	13045414
"chr17"	1880	14719944
"chr17"	1880	14754301
"chr17"	1880	16662499
"chr17"	1880	18239981
"chr17"	1880	18348150
"chr17"	1880	18363000
"chr17"	1880	18416200
"chr17"	1880	21892628
"chr17"	1880	22199999
"chr17"	1880	22199999
"chr17"	2041	11199660
"chr17"	2041	12480494
"chr17"	2041	16662499
"chr17"	2041	17895319
"chr17"	2041	18328627
"chr17"	2041	21539973
"chr17"	2041	22199999
"chr17"	2041	22199999
"chr17"	2500	22199999
"chr17"	2748	16657499
"chr17"	2748	17364998
"chr17"	3104	7963888
"chr17"	3104	12559969
"chr17"	3104	17888911
"chr17"	3104	22199999
"chr17"	3104	22199999
"chr17"	3104	22199999
"chr17"	3104	22199999
"chr17"	3315	16677500
"chr17"	3587	8230397
"chr17"	3587	12040261
"chr17"	3587	16602500
"chr17"	3587	16842047
"chr17"	3587	18325187
"chr17"	3587	21532189
"chr17"	3587	22199999
"chr17"	3936	18323273
"chr17"	3936	22199999
"chr17"	3980	14934244
"chr17"	3980	17327633
"chr17"	3980	22172601
"chr17"	3980	22199999
"chr17"	3980	22199999
"chr17"	4018	18501558
"chr17"	4817	22199999
"chr17"	5687	16659551
"chr17"	5687	18415871
"chr17"	5687	21539973
"chr17"	5687	21948994
"chr17"	5687	22199999
"chr17"	6115	18330201
"chr17"	6115	21539973
"chr17"	6115	22199999
"chr17"	6115	22199999
"chr17"	6374	22199999
"chr17"	6374	22199999
"chr17"	6475	18301564
"chr17"	6475	22080042
"chr17"	7157	22199999
"chr17"	7293	12809124
"chr17"	7293	12809124
"chr17"	7293	14536385
"chr17"	7293	17774511
"chr17"	7293	17774511
"chr17"	7293	19091582
"chr17"	10358	18360123
"chr17"	11743	17702522
"chr17"	11843	10067029
"chr17"	11843	15967302
"chr17"	11843	18325187
"chr17"	12500	8956918
"chr17"	12500	10083358
"chr17"	12500	10194012
"chr17"	12500	10977118
"chr17"	12500	11036358
"chr17"	12500	11342144
"chr17"	12500	11361112
"chr17"	12500	11361112
"chr17"	12500	11913309
"chr17"	12500	11976034
"chr17"	12500	12424104
"chr17"	12500	12627499
"chr17"	12500	13899357
"chr17"	12500	14085649
"chr17"	12500	14145241
"chr17"	12500	14216306
"chr17"	12500	14409827
"chr17"	12500	14867500
"chr17"	12500	14923021
"chr17"	12500	15398027
"chr17"	12500	16326793
"chr17"	12500	16483262
"chr17"	12500	16536733
"chr17"	12500	16658133
"chr17"	12500	16658133
"chr17"	12500	16707103
"chr17"	12500	16712499
"chr17"	12500	16717499
"chr17"	12500	16717623
"chr17"	12500	16732666
"chr17"	12500	16740655
"chr17"	12500	16793918
"chr17"	12500	17027395
"chr17"	12500	17212816
"chr17"	12500	17269932
"chr17"	12500	17300004
"chr17"	12500	17444507
"chr17"	12500	18064711
"chr17"	12500	18275055
"chr17"	12500	18317723
"chr17"	12500	18319784
"chr17"	12500	18323273
"chr17"	12500	18325187
"chr17"	12500	18329201
"chr17"	12500	18344535
"chr17"	12500	18366460
"chr17"	12500	18414401
"chr17"	12500	18886401
"chr17"	12500	18934834
"chr17"	12500	18965370
"chr17"	12500	18984797
"chr17"	12500	19065801
"chr17"	12500	19151746
"chr17"	12500	19209994
"chr17"	12500	19212534
"chr17"	12500	19380295
"chr17"	12500	19438559
"chr17"	12500	20194020
"chr17"	12500	20836753
"chr17"	12500	21272500
"chr17"	12500	21294732
"chr17"	12500	21302296
"chr17"	12500	21303002
"chr17"	12500	21366601
"chr17"	12500	21381543
"chr17"	12500	21443941
"chr17"	12500	21481528
"chr17"	12500	21481953
"chr17"	12500	21532499
"chr17"	12500	21532499
"chr17"	12500	21539973
"chr17"	12500	21539973
"chr17"	12500	21557500
"chr17"	12500	21899159
"chr17"	12500	21929178
"chr17"	12500	21952500
"chr17"	12500	21983437
"chr17"	12500	22122500
"chr17"	12500	22199999
"chr17"	12500	22199999
"chr17"	12500	22199999
"chr17"	12500	22199999
"chr17"	12500	22199999
"chr17"	12500	22199999
"chr17"	12500	22199999
"chr17"	12500	22199999
"chr17"	12500	22199999
"chr17"	12500	22199999
"chr17"	12500	22199999
"chr17"	12500	22199999
"chr17"	12500	22199999
"chr17"	12500	22199999
"chr17"	12500	22199999
"chr17"	12500	22199999
"chr17"	12500	22199999
"chr17"	12500	22199999
"chr17"	12500	22199999
"chr17"	12500	22199999
"chr17"	12500	22199999
"chr17"	12500	22199999
"chr17"	12500	22199999
"chr17"	12500	22199999
"chr17"	12500	22199999
"chr17"	12500	22199999
"chr17"	12500	22199999
"chr17"	12500	22199999
"chr17"	12500	22199999
"chr17"	12500	22199999
"chr17"	12500	22199999
"chr17"	12500	22199999
"chr17"	12500	22199999
"chr17"	12500	22199999
"chr17"	12500	22199999
"chr17"	12500	22199999
"chr17"	12500	22199999
"chr17"	12500	22199999
"chr17"	12500	22199999
"chr17"	12500	22199999
"chr17"	12500	22199999
"chr17"	12500	22199999
"chr17"	12500	22199999
"chr17"	12500	22199999
"chr17"	12500	22199999
"chr17"	12500	22199999
"chr17"	12500	22199999
"chr17"	12500	22199999
"chr17"	12500	22199999
"chr17"	12500	22199999
"chr17"	12581	15127926
"chr17"	12581	15127926
"chr17"	14980	20012224
"chr17"	15056	14063472
"chr17"	15056	16667499
"chr17"	15056	22199999
"chr17"	15222	7778116
"chr17"	15222	20929296
"chr17"	15222	22199999
"chr17"	15222	22199999
"chr17"	20080	7635679
"chr17"	20080	7931479
"chr17"	20080	10641652
"chr17"	20080	10641652
"chr17"	20080	14150256
"chr17"	20080	16662499
"chr17"	20080	16667499
"chr17"	20080	17507499
"chr17"	20080	18358732
"chr17"	20080	18399048
"chr17"	20080	18897671
"chr17"	20080	18897671
"chr17"	20080	20870992
"chr17"	20080	21967720
"chr17"	20080	22199999
"chr17"	20080	22199999
"chr17"	20080	22199999
"chr17"	20080	22199999
"chr17"	20080	22199999
"chr17"	21509	18039892
"chr17"	22083	16542673
"chr17"	22083	22199999
"chr17"	22161	8626669
"chr17"	22197	10750078
"chr17"	22197	21323633
"chr17"	22197	22199999
"chr17"	22214	8504648
"chr17"	22487	17932198
"chr17"	22901	21528300
"chr17"	22913	7732040
"chr17"	23039	18517499
"chr17"	23039	22199999
"chr17"	23230	16439807
"chr17"	23587	14157558
"chr17"	24324	16677500
"chr17"	24324	18353675
"chr17"	27268	22199999
"chr17"	28044	22199999
"chr17"	28803	20613238
"chr17"	30603	22199999
"chr17"	30657	16706377
"chr17"	31719	21966055
"chr17"	32309	18662820
"chr17"	33196	21737042
"chr17"	34782	11452622
"chr17"	35238	16662203
"chr17"	35724	10513416
"chr17"	35781	11418233
"chr17"	36551	21537499
"chr17"	36594	16681897
"chr17"	38525	20908540
"chr17"	38707	7885521
"chr17"	38758	10583616
"chr17"	38758	19502499
"chr17"	38758	21547499
"chr17"	40008	18239981
"chr17"	40008	21539973
"chr17"	40224	22199999
"chr17"	41222	22199999
"chr17"	41742	20322966
"chr17"	42433	21052273
"chr17"	43043	19180018
"chr17"	44465	16717623
"chr17"	46690	15410013
"chr17"	48049	10513766
"chr17"	48054	22199999
"chr17"	48684	14257061
"chr17"	48915	10970544
"chr17"	49505	9576549
"chr17"	53232	22196601
"chr17"	53283	22199999
"chr17"	53283	22199999
"chr17"	57754	18601779
"chr17"	58849	22199999
"chr17"	58849	22199999
"chr17"	115442	22199999
"chr17"	149596	22199999
"chr17"	205313	22199999
"chr17"	619585	12163698
"chr17"	661956	14762771
"chr17"	690168	22199999
"chr17"	730777	14014800
"chr17"	860423	15797433
"chr17"	894328	18319784
"chr17"	942529	18552856
"chr17"	983530	22199999
"chr17"	1060706	22199999
"chr17"	1064152	16714282
"chr17"	1110485	12087263
"chr17"	1157100	16705683
"chr17"	1261580	12392499
"chr17"	1284585	22199999
"chr17"	1289165	13317244
"chr17"	1460708	12021781
"chr17"	1556521	16699685
"chr17"	1895643	18280716
"chr17"	1896273	16700001
"chr17"	1903233	15277629
"chr17"	1947478	22199999
"chr17"	2093338	16677500
"chr17"	2172708	13314904
"chr17"	2203167	22199999
"chr17"	2247017	17688613
"chr17"	2354824	9671972
"chr17"	2532789	21532499
"chr17"	2579404	10729433
"chr17"	2702339	8722631
"chr17"	2790463	11029496
"chr17"	2892500	22199999
"chr17"	2923070	11759066
"chr17"	3021957	22199999
"chr17"	3108323	8014509
"chr17"	3266022	18330001
"chr17"	3744644	22199999
"chr17"	3759916	7889690
"chr17"	3911390	21539973
"chr17"	3932677	22199999
"chr17"	4159107	16538786
"chr17"	4163136	22199999
"chr17"	4164563	8401310
"chr17"	4206008	18509804
"chr17"	4299543	22199999
"chr17"	4328203	14741541
"chr17"	4338168	22199999
"chr17"	4344193	9237437
"chr17"	4380308	22199999
"chr17"	4443398	15040452
"chr17"	4478790	8176330
"chr17"	4508025	8650192
"chr17"	4509962	9976751
"chr17"	4514078	22199999
"chr17"	4610473	22199999
"chr17"	4724124	7714825
"chr17"	4797208	17693186
"chr17"	4814914	8528922
"chr17"	4839854	12554692
"chr17"	4839854	12554692
"chr17"	4876524	11910383
"chr17"	4975977	17904921
"chr17"	4990212	11997374
"chr17"	5037264	16348175
"chr17"	5060485	22199999
"chr17"	5141578	7971266
"chr17"	5154144	9706550
"chr17"	5200795	22199999
"chr17"	5206728	16662499
"chr17"	5244036	10210001
"chr17"	5298883	22199999
"chr17"	5315233	15226808
"chr17"	5400094	13531545
"chr17"	5521673	17128182
"chr17"	5553743	8119978
"chr17"	5728890	22199999
"chr17"	5768816	18304202
"chr17"	5886437	16269293
"chr17"	5897614	15307905
"chr17"	5911727	15044467
"chr17"	5998622	15467998
"chr17"	6013331	17900081
"chr17"	6100891	9970719
"chr17"	6129982	14902112
"chr17"	6355459	8412789
"chr17"	6434292	18298402
"chr17"	6452009	15056427
"chr17"	6473863	16580936
"chr17"	6537688	9224326
"chr17"	6571572	7704152
"chr17"	6576183	11055066
"chr17"	6652530	9335891
"chr17"	6670071	8237710
"chr17"	6734833	7888988
"chr17"	6754454	20381274
"chr17"	6814546	7927531
"chr17"	6922501	22199999
"chr17"	7029995	22199999
"chr17"	7053406	7697652
"chr17"	7057517	9166684
"chr17"	7063223	21241738
"chr17"	7092080	7686260
"chr17"	7122309	8079660
"chr17"	7123521	7882435
"chr17"	7157516	8134544
"chr17"	7266146	16717499
"chr17"	7274210	7578992
"chr17"	7277675	16597500
"chr17"	7302090	8891143
"chr17"	7352252	7709630
"chr17"	7366769	19143431
"chr17"	7373741	22199999
"chr17"	7405187	16379618
"chr17"	7445523	19223929
"chr17"	7449105	7799765
"chr17"	7481322	17401736
"chr17"	7481952	22194577
"chr17"	7496573	7962039
"chr17"	7502208	16708556
"chr17"	7502273	8018651
"chr17"	7503143	16195035
"chr17"	7510321	19743912
"chr17"	7552590	22199999
"chr17"	7565170	7968856
"chr17"	7576049	18345287
"chr17"	7576605	16662499
"chr17"	7781783	19792999
"chr17"	25800000	34462499
"chr17"	25800000	36217500
"chr17"	25800000	36984500
"chr17"	25800000	42255019
"chr17"	25800000	43285732
"chr17"	25800000	43285732
"chr17"	25800000	64164506
"chr17"	25800000	64321033
"chr17"	25800000	78772500
"chr17"	25800000	78774600
"chr17"	25800000	78774600
"chr17"	25800000	78774600
"chr17"	25800000	78774600
"chr17"	25800000	78774600
"chr17"	25800000	78774600
"chr17"	25800000	78774600
"chr17"	25800000	78774600
"chr17"	25800000	78774600
"chr17"	25800000	78774600
"chr17"	25800000	78774600
"chr17"	25800000	78774600
"chr17"	25800000	78774600
"chr17"	25800000	78774600
"chr17"	25800000	78774600
"chr17"	25800000	78774600
"chr17"	25800000	79064037
"chr17"	25829984	45024026
"chr17"	27330005	44337499
"chr17"	27448678	46599068
"chr17"	27448678	46599068
"chr17"	28446000	44352499
"chr17"	28542388	36357500
"chr17"	28580714	30543475
"chr17"	29498704	41127447
"chr17"	30759994	78774600
"chr17"	31562961	37902574
"chr17"	31958201	42183489
"chr17"	32494777	73030066
"chr17"	34917092	53984341
"chr17"	34931247	78774600
"chr17"	35952428	37696251
"chr17"	36332501	39953553
"chr17"	36362609	42990729
"chr17"	36406002	37905106
"chr17"	36979070	78774600
"chr17"	37439464	38564166
"chr17"	40294144	40502633
"chr17"	40950738	44229981
"chr17"	41118904	78774600
"chr17"	42959887	78772500
"chr17"	43600401	78772500
"chr17"	44370633	78772500
"chr17"	44370633	78772500
"chr17"	44797500	78774600
"chr17"	45982402	78774600
"chr17"	49613387	63451054
"chr17"	49791565	57159668
"chr17"	52626352	78774600
"chr17"	53051569	78774600
"chr17"	53099239	57108219
"chr17"	53915923	78772500
"chr17"	55068812	57115492
"chr17"	55250377	58968971
"chr17"	56378654	56537344
"chr17"	62722343	68311673
"chr17"	73253152	73353933
"chr17"	73253152	73353933
"chr18"	19000000	20578354
"chr18"	19000000	52703431
"chr18"	19000000	76112500
"chr18"	19000000	76112500
"chr18"	19000000	76112500
"chr18"	19000000	76112500
"chr18"	19000000	76117000
"chr18"	19000000	76117000
"chr18"	19000000	76117000
"chr18"	19000000	78077247
"chr18"	19842098	20808659
"chr18"	20147352	59143149
"chr18"	20385992	76117000
"chr18"	20655713	78077247
"chr18"	20924325	76117000
"chr18"	21011507	62814648
"chr18"	21123814	76117000
"chr18"	21318239	76117000
"chr18"	21605236	71757904
"chr18"	21934521	76117000
"chr18"	22098008	76117000
"chr18"	22109939	76117000
"chr18"	22138517	76117000
"chr18"	22196278	68931766
"chr18"	22227273	58527940
"chr18"	22296488	76117000
"chr18"	22323059	76117000
"chr18"	22573056	76117000
"chr18"	22608723	76117000
"chr18"	22630836	78077247
"chr18"	22672253	76117000
"chr18"	22721771	48148843
"chr18"	22782365	76117000
"chr18"	22815673	76117000
"chr18"	23716370	76117000
"chr18"	24605674	56424409
"chr18"	25921402	76112500
"chr18"	26008641	76117000
"chr18"	26061272	76112500
"chr18"	26061272	76112500
"chr18"	26090569	50476375
"chr18"	26090569	50476375
"chr18"	26109041	54997515
"chr18"	26615463	76117000
"chr18"	26925805	48592483
"chr18"	26925805	48592483
"chr18"	26925805	48592483
"chr18"	27353168	76117000
"chr18"	27595847	76117000
"chr18"	29977919	76117000
"chr18"	31202500	70330469
"chr18"	31291363	76117000
"chr18"	32112100	76117000
"chr18"	32188597	64722642
"chr18"	33385518	76117000
"chr18"	33577546	72567936
"chr18"	33906906	59498302
"chr18"	35349701	76117000
"chr18"	35570138	76117000
"chr18"	35849249	76117000
"chr18"	36356157	76117000
"chr18"	37492198	76117000
"chr18"	37614298	73731530
"chr18"	37722220	60327155
"chr18"	38216053	74979774
"chr18"	38436412	76117000
"chr18"	39114248	49473417
"chr18"	39230696	76117000
"chr18"	39353147	51690585
"chr18"	42256128	76117000
"chr18"	42439136	54683126
"chr18"	43904876	76117000
"chr18"	45285348	76117000
"chr18"	45943884	58748409
"chr18"	46557500	54988250
"chr18"	47004633	48800085
"chr18"	47076112	61096781
"chr18"	47312512	76117000
"chr18"	47560576	61792064
"chr18"	47713217	48995187
"chr18"	47939645	76117000
"chr18"	48146843	49075824
"chr18"	48147626	49556707
"chr18"	48159895	50390891
"chr18"	48369945	51550090
"chr18"	48369945	51550090
"chr18"	48593183	48594158
"chr18"	48593183	48594158
"chr18"	48593183	48594158
"chr19"	102500	11229957
"chr19"	102500	15539984
"chr19"	108847	3189947
"chr19"	108847	24399999
"chr19"	226776	8013889
"chr19"	240554	13188433
"chr19"	249357	24399999
"chr19"	255096	9101593
"chr19"	255406	24399999
"chr19"	255406	24399999
"chr19"	255406	24399999
"chr19"	258275	15250481
"chr19"	260137	14738333
"chr19"	260137	14738333
"chr19"	260137	14773233
"chr19"	260137	24399999
"chr19"	260137	24399999
"chr19"	267213	9277259
"chr19"	286089	22329474
"chr19"	293828	24399999
"chr19"	295228	24399999
"chr19"	313401	18892499
"chr19"	1434839	12379996
"chr19"	4613601	16319794
"chr19"	9673884	13607971
"chr19"	10229918	11622618
"chr19"	10654406	11710099
"chr19"	10851477	11184603
"chr19"	11099793	12775325
"chr19"	12841707	24399999
"chr19"	28600000	51580659
"chr19"	28600000	59128982
"chr19"	28600000	59128982
"chr19"	28600000	59128982
"chr19"	48724442	52244385
"chr2"	10797	90499999
"chr2"	20016	35606846
"chr2"	20016	51794817
"chr2"	20016	59141582
"chr2"	20016	78033120
"chr2"	20016	90499999
"chr2"	23368	88330098
"chr2"	27572	44290016
"chr2"	4329692	26345404
"chr2"	17699860	35559998
"chr2"	24527237	63935034
"chr2"	47879202	55538597
"chr2"	50137452	62326354
"chr2"	59155392	61892667
"chr2"	61162670	64896423
"chr2"	96800000	178820412
"chr2"	96800000	242951000
"chr2"	96800000	242985695
"chr2"	96800000	242988297
"chr2"	98167017	242985695
"chr2"	102439102	242985695
"chr2"	102866218	217634869
"chr2"	105855679	158275640
"chr2"	119100028	225423743
"chr2"	120725275	207322423
"chr2"	130942946	242978945
"chr2"	131077350	242985493
"chr2"	140984403	156105074
"chr2"	146676454	233623808
"chr2"	148112555	149878386
"chr2"	151563088	242989986
"chr2"	151563088	242989986
"chr2"	164200312	242985695
"chr2"	167341875	206269806
"chr2"	168631256	183335025
"chr2"	178057294	178375835
"chr2"	187070678	242991011
"chr2"	187861262	242999968
"chr2"	188216076	242984421
"chr2"	190637792	201003727
"chr2"	192905663	201298960
"chr2"	194852147	215654092
"chr2"	197329843	206309469
"chr2"	201863986	202945387
"chr2"	207139983	232803452
"chr2"	207717993	210083913
"chr2"	211654796	221006601
"chr2"	219039275	225481156
"chr2"	223370229	235603854
"chr20"	29400000	62432500
"chr20"	29400000	62432500
"chr20"	29400000	62450007
"chr20"	29400000	63025519
"chr20"	29400000	63025519
"chr20"	29653603	62435800
"chr20"	29837003	49469802
"chr20"	30687154	62432500
"chr20"	31940049	62432500
"chr20"	36996918	43850111
"chr20"	37040086	40675703
"chr20"	41038773	62432500
"chr20"	41362672	48817555
"chr20"	45202143	62432500
"chr20"	45202143	62432500
"chr20"	48666253	62432500
"chr20"	52611492	62432500
"chr20"	53708941	62435800
"chr20"	60615073	61776967
"chr21"	14300000	46937500
"chr21"	15823390	46944200
"chr21"	27988191	46944200
"chr21"	30723661	46937500
"chr21"	34522526	46937500
"chr21"	35596669	46937500
"chr21"	39022500	46937500
"chr21"	41799024	43829512
"chr22"	17900000	46694064
"chr22"	17900000	49687500
"chr22"	19031203	29065264
"chr22"	24347201	49687500
"chr22"	30806267	49687500
"chr3"	60596	27412002
"chr3"	62226	38707101
"chr3"	62226	47567958
"chr3"	62226	47856214
"chr3"	62226	50157601
"chr3"	62226	51436652
"chr3"	62226	57078822
"chr3"	62226	75252610
"chr3"	62226	75606813
"chr3"	62226	75606813
"chr3"	62226	81926682
"chr3"	62226	81926682
"chr3"	62226	81926682
"chr3"	62226	87899999
"chr3"	62226	87899999
"chr3"	62309	50271634
"chr3"	62309	60339069
"chr3"	62309	75568665
"chr3"	62309	75568665
"chr3"	62309	75696784
"chr3"	62309	83642857
"chr3"	62309	83642857
"chr3"	62309	83642857
"chr3"	62309	87899999
"chr3"	62437	51874237
"chr3"	62437	51874237
"chr3"	62437	53741889
"chr3"	62437	53741889
"chr3"	62614	75320791
"chr3"	62746	80108030
"chr3"	62763	65185840
"chr3"	62763	65185840
"chr3"	62763	65185840
"chr3"	64940	87899999
"chr3"	66206	87899999
"chr3"	67135	37977955
"chr3"	75290	87899999
"chr3"	75932	62286891
"chr3"	83293	87899999
"chr3"	83293	87899999
"chr3"	91417	87899999
"chr3"	100074	14880336
"chr3"	100074	18830085
"chr3"	100074	26028403
"chr3"	100074	38757499
"chr3"	100074	47990246
"chr3"	100074	52718223
"chr3"	100074	52718223
"chr3"	100074	53029412
"chr3"	100074	53029412
"chr3"	100074	54440508
"chr3"	100074	54440508
"chr3"	100074	54440508
"chr3"	100074	54449989
"chr3"	100074	54449989
"chr3"	100074	55509980
"chr3"	100074	55509980
"chr3"	100074	58783062
"chr3"	100074	58783062
"chr3"	100074	59742438
"chr3"	100074	59742438
"chr3"	100074	59800525
"chr3"	100074	59800525
"chr3"	100074	60590071
"chr3"	100074	60590071
"chr3"	100074	62575891
"chr3"	100074	62575891
"chr3"	100074	63353554
"chr3"	100074	64658652
"chr3"	100074	64658652
"chr3"	100074	65190070
"chr3"	100074	65190070
"chr3"	100074	65190070
"chr3"	100074	72155233
"chr3"	100074	73978705
"chr3"	100074	73978705
"chr3"	100074	73978705
"chr3"	100074	74623658
"chr3"	100074	74623658
"chr3"	100074	75421763
"chr3"	100074	75421763
"chr3"	100074	75423244
"chr3"	100074	75423244
"chr3"	100074	75470013
"chr3"	100074	75590945
"chr3"	100074	75590945
"chr3"	100074	75594901
"chr3"	100074	75594901
"chr3"	100074	75594901
"chr3"	100074	75641305
"chr3"	100074	75641305
"chr3"	100074	75739183
"chr3"	100074	80670061
"chr3"	100074	80670061
"chr3"	100074	84510074
"chr3"	100074	85430416
"chr3"	100074	85430416
"chr3"	100074	85430416
"chr3"	100074	86415156
"chr3"	100074	87899999
"chr3"	100074	87899999
"chr3"	100074	87899999
"chr3"	100074	87899999
"chr3"	100074	87899999
"chr3"	100074	87899999
"chr3"	100074	87899999
"chr3"	100074	87899999
"chr3"	100074	87899999
"chr3"	100074	87899999
"chr3"	100074	87899999
"chr3"	100074	87899999
"chr3"	100074	87899999
"chr3"	100074	87899999
"chr3"	100074	87899999
"chr3"	100074	87899999
"chr3"	100074	87899999
"chr3"	100074	87899999
"chr3"	100074	87899999
"chr3"	100074	87899999
"chr3"	100074	87899999
"chr3"	100074	87899999
"chr3"	100074	87899999
"chr3"	100074	87899999
"chr3"	100074	87899999
"chr3"	100074	87899999
"chr3"	100074	87899999
"chr3"	100074	87899999
"chr3"	100074	87899999
"chr3"	100074	87899999
"chr3"	100074	87899999
"chr3"	100074	87899999
"chr3"	100074	87899999
"chr3"	100932	87899999
"chr3"	100932	87899999
"chr3"	100932	87899999
"chr3"	101939	67825139
"chr3"	107445	87899999
"chr3"	108804	56177499
"chr3"	113913	76548758
"chr3"	113913	76548758
"chr3"	152919	87899999
"chr3"	189802	65850414
"chr3"	266766	87899999
"chr3"	634342	10782970
"chr3"	1171293	87899999
"chr3"	1171293	87899999
"chr3"	1324977	87899999
"chr3"	1324977	87899999
"chr3"	1324977	87899999
"chr3"	3589983	87899999
"chr3"	3942616	60399715
"chr3"	3942616	60399715
"chr3"	4173564	75689144
"chr3"	4685854	60414900
"chr3"	6209280	26444765
"chr3"	7180583	59860619
"chr3"	7307351	10337861
"chr3"	7911403	87899999
"chr3"	13433928	58229989
"chr3"	14129497	87899999
"chr3"	14129497	87899999
"chr3"	15325778	87899999
"chr3"	17068426	87899999
"chr3"	18830086	73578980
"chr3"	18830086	73578980
"chr3"	20623579	60322282
"chr3"	21120760	87899999
"chr3"	21120760	87899999
"chr3"	23601054	58814144
"chr3"	24249500	87899999
"chr3"	24831141	84342687
"chr3"	26509936	74240001
"chr3"	28406892	87899999
"chr3"	29572392	67681965
"chr3"	29929920	87899999
"chr3"	33421182	75756566
"chr3"	34336074	76819561
"chr3"	34849530	60184504
"chr3"	35030321	43521818
"chr3"	35400007	76335378
"chr3"	35749962	75910601
"chr3"	35942202	80064468
"chr3"	36679601	60637501
"chr3"	36989614	77744338
"chr3"	37049286	59857120
"chr3"	37279019	83327079
"chr3"	37279019	83327079
"chr3"	37935002	71605666
"chr3"	40156842	49450616
"chr3"	42068120	51713444
"chr3"	42068120	51713444
"chr3"	42153941	59900741
"chr3"	43690045	81891239
"chr3"	46273960	78868246
"chr3"	46800601	75423958
"chr3"	47030792	48917742
"chr3"	47030792	48917742
"chr3"	48257288	58001540
"chr3"	50787501	56034863
"chr3"	52580692	52715418
"chr3"	93900000	114088154
"chr3"	93900000	120132601
"chr3"	93900000	133924916
"chr3"	93900000	184210487
"chr3"	93900000	186776899
"chr3"	93900000	186776899
"chr3"	93900000	194960801
"chr3"	93900000	197847500
"chr3"	93900000	197847500
"chr3"	93900000	197853360
"chr3"	93900000	197863303
"chr3"	93900000	198022429
"chr3"	93900000	198022429
"chr3"	93900000	198022429
"chr3"	97445028	107205287
"chr3"	98133683	106067376
"chr3"	103396984	106514120
"chr3"	114051002	179504308
"chr3"	120352900	198022429
"chr3"	127710734	186419601
"chr3"	135109120	197851977
"chr3"	139438344	144051036
"chr3"	140724011	142351001
"chr3"	145681087	197866181
"chr3"	147034818	197847500
"chr3"	148419866	198022429
"chr3"	154053199	193459972
"chr3"	156750376	188151054
"chr3"	158793090	198022429
"chr3"	162518682	197847500
"chr3"	162644808	189102349
"chr3"	164360757	198022429
"chr3"	164497602	198022429
"chr3"	169354661	182882402
"chr3"	169935721	197847500
"chr3"	170587965	182510758
"chr3"	171603017	197847500
"chr3"	172298406	180016684
"chr3"	172742171	195338371
"chr3"	174171840	181887725
"chr3"	174622766	197847500
"chr3"	174763179	185547663
"chr3"	174835865	191130881
"chr3"	174865032	198022429
"chr3"	175126547	181419316
"chr3"	175247170	188918202
"chr3"	175323009	198022429
"chr3"	176894896	178967182
"chr3"	177113965	198022429
"chr3"	177641025	193045131
"chr3"	182199531	197801757
"chr3"	192993545	197847500
"chr4"	27500	2490043
"chr4"	27500	3260194
"chr4"	27500	24577132
"chr4"	36586	15221048
"chr4"	69202	1892046
"chr4"	52700000	88279376
"chr4"	52700000	92763523
"chr4"	52700000	166977337
"chr4"	52700000	190812103
"chr4"	52700000	191154275
"chr4"	52700000	191154275
"chr4"	52722983	180547928
"chr4"	54986916	76473201
"chr4"	55307910	55746076
"chr4"	59785393	77537020
"chr4"	63649153	74302421
"chr4"	70128960	191154275
"chr4"	70130823	101975311
"chr4"	70538084	191154275
"chr4"	70676825	191154275
"chr4"	72276977	78120062
"chr4"	72665404	90821957
"chr4"	91847886	153454140
"chr4"	92053688	154989152
"chr4"	92402235	190800451
"chr4"	135011802	190778060
"chr4"	160971339	187599971
"chr4"	177853889	190788237
"chr5"	14676	11972786
"chr5"	14757	46099999
"chr5"	14782	45892060
"chr5"	20399	12856076
"chr5"	20493	6306106
"chr5"	20747	46099999
"chr5"	22500	5024520
"chr5"	22500	7137500
"chr5"	22500	7588906
"chr5"	22500	16994194
"chr5"	22500	17091600
"chr5"	22500	32314152
"chr5"	22500	43659828
"chr5"	22500	45907193
"chr5"	22500	45941616
"chr5"	22500	46099999
"chr5"	22500	46099999
"chr5"	22500	46099999
"chr5"	22500	46099999
"chr5"	22500	46099999
"chr5"	22500	46099999
"chr5"	22500	46099999
"chr5"	22500	46099999
"chr5"	22500	46099999
"chr5"	22500	46099999
"chr5"	28954	4683514
"chr5"	39977	46099999
"chr5"	40199	46099999
"chr5"	40199	46099999
"chr5"	49995	8794754
"chr5"	132587	46099999
"chr5"	172582	46099999
"chr5"	315521	1295477
"chr5"	377508	1297062
"chr5"	599811	46011401
"chr5"	738201	24251963
"chr5"	831631	12735809
"chr5"	849499	3047427
"chr5"	849605	16158738
"chr5"	849605	18712203
"chr5"	849605	40230583
"chr5"	850203	10649891
"chr5"	850203	17623057
"chr5"	850203	46099999
"chr5"	851582	19611558
"chr5"	851582	37070013
"chr5"	852221	24881040
"chr5"	855091	45951719
"chr5"	862182	19627099
"chr5"	864132	45938149
"chr5"	872202	46099999
"chr5"	884464	1391940
"chr5"	893221	46099999
"chr5"	894850	46099999
"chr5"	1286223	1296583
"chr5"	1286223	1296583
"chr5"	50700000	56287800
"chr5"	50700000	60852692
"chr5"	50700000	68720198
"chr5"	50700000	95322424
"chr5"	50700000	97045801
"chr5"	50700000	114845469
"chr5"	50700000	119806682
"chr5"	50700000	149663271
"chr5"	50700000	151817380
"chr5"	50700000	166219319
"chr5"	50700000	166931210
"chr5"	50700000	180689978
"chr5"	50700000	180689978
"chr5"	50700000	180712500
"chr5"	50700000	180714439
"chr5"	50700000	180715694
"chr5"	50700000	180731326
"chr5"	52167643	78312589
"chr5"	56148638	56454989
"chr5"	56454990	180712500
"chr5"	58369150	180662500
"chr5"	59131761	180675558
"chr5"	59246233	176909329
"chr5"	59817975	180715810
"chr5"	62396050	84072313
"chr5"	65565232	86643443
"chr5"	67121827	70972542
"chr5"	76117694	124796445
"chr5"	79072329	180381000
"chr5"	80872335	162682979
"chr5"	81322314	180325401
"chr5"	84289208	113925047
"chr5"	86650039	86838771
"chr5"	89057649	135505555
"chr5"	89057649	135505555
"chr5"	97249012	180715810
"chr5"	99223932	134911038
"chr5"	100451003	114195460
"chr5"	104489902	180712500
"chr5"	107527482	120589902
"chr5"	109369446	113427385
"chr5"	110516014	112175270
"chr5"	112154001	112246387
"chr5"	117422385	180689978
"chr5"	119403165	180689978
"chr5"	119403165	180689978
"chr5"	119403165	180689978
"chr5"	120424374	170113186
"chr5"	130361460	131824885
"chr5"	130725867	180385001
"chr5"	167773584	180689978
"chr5"	176937699	180713424
"chr5"	178043296	180662500
"chr6"	201976	58699999
"chr6"	203878	43758624
"chr6"	203878	43758624
"chr6"	203878	43758624
"chr6"	212500	32653783
"chr6"	212500	32653783
"chr6"	212500	32653783
"chr6"	212500	43417499
"chr6"	212500	58699999
"chr6"	212500	58699999
"chr6"	212500	58699999
"chr6"	227271	53813569
"chr6"	242501	29973216
"chr6"	242501	35634705
"chr6"	242501	43605895
"chr6"	242501	58699999
"chr6"	242501	58699999
"chr6"	242501	58699999
"chr6"	242501	58699999
"chr6"	242501	58699999
"chr6"	242501	58699999
"chr6"	249333	58699999
"chr6"	250041	58699999
"chr6"	391939	37210016
"chr6"	391939	58699999
"chr6"	410004	58699999
"chr6"	417104	58699999
"chr6"	8996806	32927499
"chr6"	17615568	58699999
"chr6"	21326100	36592505
"chr6"	27137726	33179959
"chr6"	27158577	49150142
"chr6"	29123802	32612708
"chr6"	29855678	58699999
"chr6"	29907526	35712619
"chr6"	31297410	31524894
"chr6"	31297410	31524894
"chr6"	32647766	45420094
"chr6"	36646212	36656128
"chr6"	42655935	44314114
"chr6"	51672512	53524037
"chr6"	63300000	93972026
"chr6"	63300000	170849934
"chr6"	63300000	170897500
"chr6"	63300000	170899934
"chr6"	63596076	108919059
"chr6"	68340677	82069329
"chr6"	68912750	170872768
"chr6"	71798730	170899934
"chr6"	71798730	170899934
"chr6"	72348757	153151943
"chr6"	72834995	162722648
"chr6"	72933144	170869735
"chr6"	74852063	109724512
"chr6"	74931184	118091572
"chr6"	75467350	109248282
"chr6"	75868187	93909605
"chr6"	87898000	170899800
"chr6"	94300684	170897500
"chr6"	105495604	116323358
"chr6"	122885675	170332810
"chr6"	133216282	162753762
"chr6"	148842310	150127439
"chr6"	149911492	150145801
"chr6"	154158933	170899800
"chr6"	155142904	158844944
"chr7"	40386	9949935
"chr7"	40386	16291136
"chr7"	40386	16694305
"chr7"	40386	39774562
"chr7"	40386	54012899
"chr7"	40386	57949987
"chr7"	40386	57967153
"chr7"	40386	57999999
"chr7"	40386	57999999
"chr7"	61654	57999999
"chr7"	5567193	6142396
"chr7"	38286113	57999999
"chr7"	48643687	57949987
"chr7"	61700000	103916069
"chr7"	61700000	147469686
"chr7"	61700000	151047764
"chr7"	61700000	158817500
"chr7"	61700000	158817500
"chr7"	61700000	158817500
"chr7"	61700000	158817500
"chr7"	61700000	158817500
"chr7"	61700000	158821400
"chr7"	61700000	159138662
"chr7"	61845203	102841236
"chr7"	61872500	154256750
"chr7"	62460064	158821400
"chr7"	62958401	158821400
"chr7"	65694689	158817500
"chr7"	66069630	89439607
"chr7"	66069630	89439607
"chr7"	67880011	102495032
"chr7"	71201645	158826457
"chr7"	73230650	99186900
"chr7"	73542847	88210071
"chr7"	73590547	77725494
"chr7"	75716636	158821400
"chr7"	76280802	135125802
"chr7"	76289202	158821400
"chr7"	76680292	158821400
"chr7"	76757500	158821400
"chr7"	80875239	88608572
"chr7"	83029710	158817500
"chr7"	83651270	87058923
"chr7"	84891589	158821400
"chr7"	84903117	109782442
"chr7"	85791688	94685707
"chr7"	86331531	87064668
"chr7"	86398418	104469990
"chr7"	91755835	158821400
"chr7"	95252372	146646230
"chr7"	99157203	158821400
"chr7"	99162402	141110801
"chr7"	101086619	156957543
"chr7"	101086619	156957543
"chr7"	102312501	153381679
"chr7"	110381086	140499490
"chr7"	110616545	158817500
"chr7"	111054217	158817500
"chr7"	114966707	116454248
"chr7"	124717643	143873132
"chr7"	127539642	158817500
"chr7"	127772339	159138662
"chr7"	129499838	142493802
"chr7"	129619950	158851893
"chr7"	130778398	158821400
"chr7"	131385220	148570581
"chr7"	133773168	142894795
"chr7"	133800775	154857037
"chr7"	134046129	158821400
"chr7"	134670520	158821400
"chr7"	135125803	158821400
"chr7"	135131603	146328686
"chr7"	136004132	159138662
"chr7"	137620034	141715368
"chr7"	137718956	158821400
"chr7"	137732002	158821400
"chr7"	138445578	145220995
"chr7"	139255802	142506802
"chr7"	139581109	140889924
"chr7"	139820001	157311401
"chr7"	139884190	148998392
"chr7"	147723404	158794616
"chr7"	148633016	158821400
"chr7"	151683331	154899651
"chr8"	170012	39230024
"chr8"	170012	43099999
"chr8"	13686715	27116030
"chr8"	38056557	38319948
"chr8"	48100000	84960469
"chr8"	48100000	92127500
"chr8"	48100000	129055090
"chr8"	48100000	132459292
"chr8"	48100000	146364021
"chr8"	48100000	146364021
"chr8"	48100000	146364021
"chr8"	49720332	146364021
"chr8"	50851456	99677786
"chr8"	78325887	146364021
"chr8"	79181802	108586624
"chr8"	89878755	100636618
"chr8"	91748709	114429047
"chr8"	93199037	128192499
"chr8"	93345317	115130607
"chr8"	94159912	100317499
"chr8"	100756135	146364021
"chr8"	128748928	146364021
"chr9"	10001	43812500
"chr9"	47500	43727121
"chr9"	51183	28354528
"chr9"	51183	41217201
"chr9"	51183	41912500
"chr9"	51183	45629494
"chr9"	58033	26507161
"chr9"	58249	44314250
"chr9"	58249	44809215
"chr9"	59450	26559565
"chr9"	59450	41962657
"chr9"	59859	31627602
"chr9"	59859	31887339
"chr9"	89690	24501912
"chr9"	153761	25230051
"chr9"	153761	43857499
"chr9"	153761	44284602
"chr9"	162557	28650025
"chr9"	186603	41993388
"chr9"	189313	26891630
"chr9"	189313	26891630
"chr9"	200101	40290781
"chr9"	200101	43393667
"chr9"	200101	44235287
"chr9"	203639	27719652
"chr9"	203802	28805066
"chr9"	203802	28805066
"chr9"	203802	44728896
"chr9"	217247	44391401
"chr9"	225179	31348658
"chr9"	226104	42170557
"chr9"	234593	47299999
"chr9"	238611	44249924
"chr9"	240670	22025713
"chr9"	243074	26662440
"chr9"	243074	26662440
"chr9"	243074	26662440
"chr9"	243360	33918677
"chr9"	347299	44867294
"chr9"	347299	44867294
"chr9"	352969	44795014
"chr9"	3145003	41235711
"chr9"	5172132	28824628
"chr9"	6752319	23360040
"chr9"	9119568	32773794
"chr9"	9354584	43657499
"chr9"	9402765	44102499
"chr9"	9413776	44249247
"chr9"	9414512	24734583
"chr9"	9509737	44436219
"chr9"	9544210	47299999
"chr9"	9649427	40483939
"chr9"	9758295	28602499
"chr9"	9897445	44813201
"chr9"	10404172	47299999
"chr9"	10606389	26035922
"chr9"	11024074	44806349
"chr9"	11211389	21983365
"chr9"	11604075	43692731
"chr9"	12609988	30985172
"chr9"	13726648	24499899
"chr9"	16426934	38776772
"chr9"	16753131	35542499
"chr9"	16824089	27646943
"chr9"	17138429	32920833
"chr9"	17507002	24934601
"chr9"	17507002	24934601
"chr9"	17806784	24058281
"chr9"	17835751	38462499
"chr9"	18900922	23265266
"chr9"	18900922	23265266
"chr9"	19019981	33107499
"chr9"	19426766	40899111
"chr9"	19597505	23546297
"chr9"	19615304	24527499
"chr9"	19842425	39048677
"chr9"	19847980	38780901
"chr9"	20503729	27559602
"chr9"	20829927	22771660
"chr9"	20854246	26857286
"chr9"	21009971	30287500
"chr9"	21061815	22896410
"chr9"	21098886	23037521
"chr9"	21104321	29817257
"chr9"	21256563	30732466
"chr9"	21355797	22948587
"chr9"	21490094	22501179
"chr9"	21543064	22223110
"chr9"	21546475	22152459
"chr9"	21595493	34102923
"chr9"	21665477	22010885
"chr9"	21699982	26785288
"chr9"	21758030	22303145
"chr9"	21786002	23780238
"chr9"	21826907	25799925
"chr9"	21854144	22189738
"chr9"	31288508	36850615
"chr9"	32099706	47299999
"chr9"	33120004	36857538
"chr9"	34047127	44869113
"chr9"	34392123	39133502
"chr9"	35457099	35884811
"chr9"	35884812	47299999
"chr9"	50700000	140267500
"chr9"	50700000	140273200
"chr9"	50700000	141213430
"chr9"	66267500	141213430
"chr9"	66486486	135942438
"chr9"	66533430	140267500
"chr9"	66533430	140273200
"chr9"	66799972	140273200
"chr9"	67965800	140267500
"chr9"	67987403	140267500
"chr9"	68152500	140273200
"chr9"	69886835	140267500
"chr9"	70154285	140273200
"chr9"	70838515	141213430
"chr9"	70885515	140267500
"chr9"	70885515	140267500
"chr9"	71287500	140267500
"chr9"	76197500	140273200
"chr9"	77297821	109717150
"chr9"	82994391	140267500
"chr9"	96600512	101732499
"chr9"	116346470	141213430
"chr9"	130896407	136453917
"chr9"	131764722	140273200
"chr9"	132675509	140273200
"chr9"	136370163	140273200
"chr9"	138847529	140273200
"chr9"	138847529	140273200
"chrX"	1	32275169
"chrX"	1	44918508
"chrX"	1	58099999
"chrX"	1	58099999
"chrX"	1	58099999
"chrX"	1	58099999
"chrX"	1	58099999
"chrX"	1	58099999
"chrX"	1	58099999
"chrX"	1	58099999
"chrX"	1	58099999
"chrX"	1	58099999
"chrX"	1	58099999
"chrX"	1	58099999
"chrX"	1	58099999
"chrX"	1	58099999
"chrX"	1	58099999
"chrX"	1	58099999
"chrX"	1	58099999
"chrX"	1	58099999
"chrX"	1	58099999
"chrX"	1	58099999
"chrX"	1	58099999
"chrX"	1	58099999
"chrX"	1	58099999
"chrX"	1	58099999
"chrX"	1	58099999
"chrX"	1	58099999
"chrX"	1	58099999
"chrX"	1	58099999
"chrX"	1	58099999
"chrX"	1	58099999
"chrX"	1	58099999
"chrX"	1	58099999
"chrX"	1	58099999
"chrX"	1	58099999
"chrX"	1	58099999
"chrX"	1	58099999
"chrX"	1	58099999
"chrX"	1	58099999
"chrX"	1	58099999
"chrX"	1	58099999
"chrX"	1	58099999
"chrX"	1	58099999
"chrX"	1	58099999
"chrX"	1	58099999
"chrX"	1	58099999
"chrX"	1	58099999
"chrX"	1	58099999
"chrX"	1	58099999
"chrX"	1	58099999
"chrX"	1643394	58099999
"chrX"	2650027	58099999
"chrX"	2650027	58099999
"chrX"	2700027	58099999
"chrX"	2700027	58099999
"chrX"	2700027	58099999
"chrX"	2700027	58099999
"chrX"	2704000	58099999
"chrX"	2742838	58099999
"chrX"	4654625	58099999
"chrX"	6854951	58099999
"chrX"	7593747	58099999
"chrX"	11732758	58099999
"chrX"	11761974	58099999
"chrX"	11952011	58099999
"chrX"	11952029	58099999
"chrX"	12343089	58099999
"chrX"	12433219	14139486
"chrX"	12794292	26452602
"chrX"	12794292	26452602
"chrX"	15970000	58099999
"chrX"	18228000	58099999
"chrX"	18382046	58099999
"chrX"	18877828	26971801
"chrX"	19746534	49642053
"chrX"	30251743	44846270
"chrX"	31449310	58099999
"chrX"	32188292	58099999
"chrX"	36047768	48977166
"chrX"	46829177	48929188
"chrX"	51136698	58099999
"chrX"	63000000	86192144
"chrX"	63000000	110964787
"chrX"	63000000	154907500
"chrX"	63000000	154929638
"chrX"	63000000	154929638
"chrX"	63000000	154929638
"chrX"	63000000	154929638
"chrX"	63000000	155270559
"chrX"	63000000	155270559
"chrX"	63000000	155270559
"chrX"	63000000	155270559
"chrX"	63000000	155270559
"chrX"	63000000	155270559
"chrX"	63000000	155270559
"chrX"	63000000	155270559
"chrX"	63000000	155270559
"chrX"	63000000	155270559
"chrX"	63000000	155270559
"chrX"	63000000	155270559
"chrX"	63000000	155270559
"chrX"	63000000	155270559
"chrX"	63000000	155270559
"chrX"	66643777	146114422
"chrX"	66868733	67525141
"chrX"	69881908	130040314
"chrX"	81364398	154929638
